{"skeleton":{"hash":"2Nmz7Y15bEkIL9oocyj9+5z02Qc","spine":"3.8.99","x":-599.73,"y":5.91,"width":1096.73,"height":1153.26,"images":"./images/","audio":"E:/0.LAM VIEC/00.Long/0.vigafun/tiger-viettel/anim/ho2"},"bones":[{"name":"root"},{"name":"than","parent":"root","x":-288.01,"y":249.81},{"name":"than2","parent":"than","length":322.1,"rotation":9.96,"x":2.97,"y":1.98},{"name":"than3","parent":"than2","length":174.4,"rotation":76.7,"x":319,"y":-0.47},{"name":"dau","parent":"than3","length":124.63,"rotation":15.87,"x":189.1,"y":8.85,"transform":"noScale"},{"name":"duisau1","parent":"than2","length":189.77,"rotation":-67.86,"x":-130.32,"y":-23.3},{"name":"chansau1","parent":"root","length":230.87,"x":-310.83,"y":48.55,"color":"ff3f00ff"},{"name":"duitruoc1","parent":"than2","length":213.78,"rotation":-107.14,"x":254.28,"y":-14.06},{"name":"chantruoc1","parent":"root","length":229.49,"rotation":-1.45,"x":6.53,"y":73.23,"color":"ff3f00ff"},{"name":"duitruoc2","parent":"than2","length":183.16,"rotation":-102.45,"x":412.17,"y":-7.28},{"name":"chantruoc2","parent":"duitruoc2","length":72.92,"rotation":80.07,"x":181.78,"y":-1.52},{"name":"bone","parent":"root","x":346.67,"y":9.78},{"name":"bchantruoc2","parent":"bone","length":141.32,"rotation":36.02,"x":-46.54,"y":354.08,"color":"ff3f00ff"},{"name":"than4","parent":"than","x":-170.36,"y":-106.26,"transform":"noScale"},{"name":"than5","parent":"than4","length":65.87,"rotation":149.2,"x":-3.26,"y":3.26},{"name":"than6","parent":"than5","length":80.43,"rotation":-36.1,"x":65.87},{"name":"than7","parent":"than6","length":89.64,"rotation":-28.67,"x":80.43},{"name":"than8","parent":"than7","length":86.36,"rotation":-13.55,"x":89.64},{"name":"than9","parent":"than8","length":73.28,"rotation":0.95,"x":86.36},{"name":"than10","parent":"than9","length":76.41,"rotation":-1.82,"x":73.28},{"name":"than11","parent":"than10","length":77.43,"rotation":0.28,"x":76.41},{"name":"than12","parent":"than11","length":76.54,"rotation":14,"x":77.43},{"name":"than13","parent":"than12","length":74.26,"rotation":16.69,"x":76.54},{"name":"than14","parent":"than13","length":68.81,"rotation":23.71,"x":74.26},{"name":"than15","parent":"than14","length":57.94,"rotation":21.02,"x":68.81},{"name":"than16","parent":"than15","length":40.62,"rotation":13.91,"x":57.94},{"name":"mat1","parent":"dau","length":100.23,"rotation":1.51,"x":153.74,"y":-161.83}],"slots":[{"name":"tai2","bone":"dau","attachment":"tai2"},{"name":"duoi","bone":"root","attachment":"duoi"},{"name":"chantruoc2","bone":"chantruoc2","attachment":"chantruoc2"},{"name":"duitruoc2","bone":"duitruoc2","attachment":"duitruoc2"},{"name":"bchantruoc2","bone":"bchantruoc2","attachment":"bchantruoc2"},{"name":"than","bone":"than","attachment":"than"},{"name":"duitruoc1","bone":"duitruoc1","attachment":"duitruoc1"},{"name":"chantruoc1","bone":"chantruoc1","attachment":"chantruoc1"},{"name":"chansau1","bone":"chansau1","attachment":"chansau1"},{"name":"duisau1","bone":"duisau1","attachment":"duisau1"},{"name":"dau","bone":"dau","attachment":"dau"},{"name":"mat2","bone":"dau","attachment":"mat2"},{"name":"mat1","bone":"mat1","attachment":"mat1"}],"ik":[{"name":"bchantruoc2","order":2,"bones":["duitruoc2","chantruoc2"],"target":"bchantruoc2"},{"name":"chansau1","bones":["duisau1"],"target":"chansau1"},{"name":"chantruoc1","order":1,"bones":["duitruoc1"],"target":"chantruoc1"}],"skins":[{"name":"default","attachments":{"bchantruoc2":{"bchantruoc2":{"x":70.69,"y":16.5,"rotation":-4.71,"width":267,"height":136}},"chansau1":{"chansau1":{"x":120.09,"y":21.36,"width":314,"height":128}},"chantruoc1":{"chantruoc1":{"x":118.16,"y":12.67,"rotation":1.45,"width":338,"height":138}},"chantruoc2":{"chantruoc2":{"x":23.94,"y":-1.51,"rotation":12.65,"width":192,"height":106}},"dau":{"dau":{"x":282.09,"y":-24.86,"rotation":-97.29,"width":780,"height":697}},"duisau1":{"duisau1":{"x":93.12,"y":59.07,"rotation":58.13,"width":337,"height":274}},"duitruoc1":{"duitruoc1":{"x":99.02,"y":13.7,"rotation":97.41,"width":201,"height":286}},"duitruoc2":{"duitruoc2":{"x":74.31,"y":-0.1,"rotation":92.73,"width":203,"height":286}},"duoi":{"duoi":{"type":"mesh","uvs":[0.55754,0.00624,0.71103,0.03059,0.87581,0.06866,0.97626,0.13452,1,0.19177,1,0.25804,0.96952,0.32228,0.92052,0.37903,0.86248,0.42175,0.79191,0.4737,0.71083,0.52114,0.62808,0.56955,0.5719,0.60484,0.51324,0.64168,0.45482,0.69149,0.403,0.73567,0.37709,0.78027,0.35094,0.82528,0.40279,0.87051,0.44587,0.90811,0.51505,0.92893,0.6097,0.95743,0.68166,0.9821,0.66329,1,0.55415,1,0.35777,0.98942,0.22798,0.95992,0.13092,0.91121,0.0711,0.84707,0.08307,0.77702,0.09367,0.71502,0.13788,0.65466,0.17606,0.60251,0.21908,0.55955,0.26297,0.51573,0.3239,0.46568,0.37696,0.42209,0.41459,0.37744,0.44806,0.33772,0.44869,0.30799,0.44919,0.28455,0.41756,0.25763,0.39502,0.23845,0.32988,0.22207,0.2641,0.20552,0.10496,0.17362,0,0.14344,0,0.06763,0.09367,0.02647,0.24604,0,0.3826,0,0.5756,0.97638,0.45484,0.9534,0.3352,0.93419,0.27764,0.8896,0.20654,0.83918,0.22685,0.77873,0.24491,0.72522,0.30473,0.67393,0.3589,0.62351,0.40405,0.58225,0.45258,0.53578,0.50901,0.49222,0.56544,0.44567,0.61961,0.39868,0.67379,0.35375,0.6862,0.31485,0.70765,0.25794,0.68395,0.22364,0.64445,0.16568,0.56123,0.13111,0.48222,0.09406,0.3671,0.07005,0.28584,0.05187,0.18765,0.04193],"triangles":[24,51,23,23,51,22,25,52,24,24,52,51,26,53,25,25,53,52,51,21,22,51,52,21,26,27,53,52,20,21,53,19,52,52,19,20,27,54,53,53,54,19,27,55,54,27,28,55,54,18,19,18,55,17,18,54,55,28,29,55,55,56,17,55,29,56,17,56,16,15,16,57,16,56,57,56,29,57,29,30,57,14,15,58,15,57,58,57,30,58,30,31,58,14,58,13,58,59,13,58,31,59,31,32,59,13,59,12,59,60,12,59,32,60,12,60,11,32,33,60,60,61,11,60,33,61,11,61,10,33,34,61,61,62,10,61,34,62,9,10,63,34,35,62,10,62,63,62,35,63,63,64,9,9,64,8,35,36,63,63,36,64,36,37,64,64,65,8,8,65,7,37,38,64,64,38,65,7,65,6,6,65,66,65,38,66,38,39,66,66,67,6,6,67,5,39,40,66,66,40,67,40,41,67,5,68,4,41,68,67,5,67,68,41,42,68,68,42,69,42,43,69,68,69,4,69,43,70,43,44,70,44,71,70,44,72,71,44,45,72,69,3,4,45,73,72,73,46,74,73,45,46,3,69,2,74,47,48,74,46,47,69,70,2,70,1,2,70,71,1,71,0,1,71,72,0,72,50,0,72,73,50,74,49,73,73,49,50,74,48,49],"vertices":[4,22,202.2,-3.3,0.00225,23,115.82,-54.48,0.2907,24,24.34,-67.71,0.59031,25,-48.89,-57.65,0.11674,4,22,176.2,-35.93,0.04476,23,78.88,-73.9,0.55918,24,-17.1,-72.59,0.38964,25,-90.29,-52.42,0.00642,4,21,229.54,-26.33,6.7E-4,22,139,-69.17,0.22346,23,31.46,-89.36,0.63813,24,-66.92,-70.02,0.13774,4,21,179.99,-55.61,0.02919,22,83.12,-82.98,0.48703,23,-25.26,-79.54,0.46551,24,-116.34,-40.51,0.01827,3,21,135.38,-65.82,0.20193,22,37.45,-79.95,0.60482,23,-65.85,-58.4,0.19325,4,20,175.24,-48.85,0.03476,21,83.09,-71.05,0.47915,22,-14.13,-69.94,0.4468,23,-109.06,-28.49,0.03929,5,19,201.5,-58.51,3.0E-5,20,124.81,-59.11,0.22781,21,31.67,-68.81,0.59089,22,-62.74,-53.03,0.18098,23,-146.75,6.55,2.9E-4,4,19,155.17,-62.79,0.01969,20,78.46,-63.17,0.51698,21,-14.28,-61.54,0.44264,22,-104.67,-32.86,0.02069,3,19,118.55,-61.22,0.18985,20,41.85,-61.42,0.64539,21,-49.38,-50.99,0.16476,4,18,145.39,-61.63,0.02777,19,74.02,-59.32,0.47867,20,-2.67,-59.3,0.46906,21,-92.07,-38.17,0.0245,3,18,103.55,-54.8,0.24412,19,31.99,-53.81,0.57599,20,-44.67,-53.6,0.17989,4,17,148.01,-46.8,0.0176,18,60.85,-47.82,0.54582,19,-10.91,-48.19,0.41987,20,-87.55,-47.77,0.01672,3,17,117.14,-43.17,0.19115,18,30.05,-43.68,0.67784,19,-41.83,-45.03,0.13102,4,16,162.95,-58.18,0.00857,17,84.9,-39.38,0.51357,18,-2.12,-39.35,0.46384,19,-74.12,-41.72,0.01403,3,16,122.27,-48,0.17132,17,42.97,-39.02,0.66655,18,-44.04,-38.29,0.16213,4,15,137.36,-75.54,8.1E-4,16,86.19,-38.97,0.49473,17,5.77,-38.7,0.50211,18,-81.22,-37.35,0.00235,3,15,107.28,-55.93,0.11666,16,50.38,-36.19,0.70364,17,-29.68,-44.38,0.17969,4,14,106.73,-74.51,0.0123,15,76.92,-36.13,0.429,16,14.25,-33.38,0.54959,17,-65.47,-50.12,0.00911,3,14,77.63,-50.1,0.18906,15,39.02,-33.55,0.58477,16,-20.24,-49.3,0.22618,3,14,53.44,-29.81,0.50583,15,7.53,-31.41,0.48547,16,-48.9,-62.53,0.0087,2,14,30.66,-24.16,0.82687,15,-14.21,-40.26,0.17313,2,14,-0.5,-16.43,0.98344,15,-43.94,-52.38,0.01656,1,14,-25.41,-8.51,1,1,14,-28.88,5.95,1,2,14,-6.29,19.42,0.99705,15,-69.74,-26.82,0.00295,2,14,38.66,36.45,0.82517,15,-43.46,13.42,0.17483,2,14,77.51,32.37,0.49184,15,-9.67,33.02,0.50816,3,14,117.38,11.18,0.16146,15,35.03,39.38,0.67629,16,-58.72,12.77,0.16226,2,15,87.48,32.69,0.50441,16,-9.5,32.06,0.49559,3,15,137.44,8.24,0.17108,16,46.07,34.58,0.64367,17,-50.46,23.41,0.18525,3,16,95.25,36.81,0.48141,17,-3.17,37.1,0.50777,18,-88.9,38.59,0.01082,3,16,143.93,30.86,0.14808,17,45.55,42.72,0.66051,18,-40.1,43.39,0.19141,3,17,87.63,47.57,0.4888,18,2.06,47.54,0.49335,19,-72.7,45.26,0.01785,3,17,123.21,48.93,0.16629,18,37.66,48.31,0.65153,19,-37.14,47.15,0.18218,4,17,159.51,50.32,0.01354,18,73.97,49.09,0.48267,19,-0.87,49.09,0.47901,20,-77.04,49.46,0.02479,4,18,116.27,47.52,0.18072,19,41.45,48.86,0.61405,20,-34.72,49.02,0.20497,21,-96.96,74.69,2.7E-4,5,18,153.09,46.14,0.01172,19,78.31,48.65,0.46758,20,2.13,48.64,0.49041,21,-61.3,65.41,0.03025,22,-113.25,102.24,3.0E-5,6,19,114.68,52.23,0.17079,20,38.52,52.04,0.63884,21,-25.17,59.91,0.18106,22,-80.21,86.6,0.00929,23,-106.6,141.41,2.0E-5,24,-113.02,194.91,0,7,19,147.04,55.41,0.0179,20,70.9,55.07,0.52468,21,6.98,55.02,0.40249,22,-50.82,72.68,0.05344,23,-85.29,116.84,0.0013,24,-101.94,164.34,1.9E-4,25,-115.68,197.95,1.0E-5,7,19,169.25,63.33,3.0E-5,20,93.15,62.88,0.26033,21,30.46,57.21,0.57002,22,-27.71,68.04,0.15906,23,-65.99,103.3,0.00857,24,-88.78,144.77,0.00161,25,-107.62,175.8,3.9E-4,6,20,110.68,69.03,0.09008,21,48.96,58.94,0.52819,22,-9.49,64.38,0.33223,23,-50.78,92.62,0.03804,24,-78.41,129.35,0.00841,25,-101.26,158.34,0.00305,6,20,128.21,83.41,0.02434,21,69.45,68.65,0.35895,22,12.92,67.8,0.48345,23,-28.89,86.74,0.09789,24,-60.09,116.01,0.02474,25,-86.68,140.98,0.01063,6,20,140.7,93.65,0.00325,21,84.04,75.57,0.17836,22,28.89,70.23,0.53289,23,-13.29,82.55,0.19218,24,-47.03,106.5,0.06176,25,-76.29,128.61,0.03156,6,20,147.64,112.81,2.7E-4,21,95.41,92.48,0.07403,22,44.64,83.17,0.45374,23,6.33,88.06,0.27857,24,-26.74,104.61,0.12011,25,-57.05,121.9,0.07328,5,21,106.89,109.56,0.02157,22,60.54,96.23,0.29095,23,26.14,93.62,0.29027,24,-6.25,102.7,0.19725,25,-37.62,115.12,0.19996,5,21,128.24,150.24,0.00465,22,92.67,129.06,0.14993,23,68.77,110.76,0.22962,24,39.69,103.4,0.23553,25,7.14,104.76,0.38027,4,22,120.99,149.34,0.04789,23,102.85,117.93,0.11933,24,74.07,97.88,0.18324,25,39.19,91.13,0.64955,4,22,180,137.89,0.0153,23,152.27,83.71,0.04651,24,107.93,48.21,0.08958,25,60.12,34.78,0.84861,4,22,207.74,109.51,0.00123,23,166.26,46.57,0.00559,24,107.67,8.53,0.06073,25,50.32,-3.68,0.93245,3,23,162.62,4.43,0.00407,24,89.15,-29.51,0.26682,25,23.21,-36.14,0.72911,3,23,143.88,-22.63,0.07909,24,61.96,-48.05,0.51871,25,-7.65,-47.6,0.4022,1,14,-1.14,0.69,1,2,14,33.19,-0.06,0.99987,15,-26.36,-19.3,1.3E-4,2,14,65.76,1.62,0.53685,15,-1.04,1.24,0.46315,2,15,36.93,0.13,0.99996,16,-38.24,-20.75,4.0E-5,2,15,80.43,0.21,0.50338,16,-0.1,0.18,0.49662,1,16,48.08,-0.04,1,2,16,90.74,-0.25,0.43591,17,1.13,0.02,0.56409,2,16,132.62,-10.64,1.0E-5,17,44.28,-0.28,0.99999,2,17,86.33,0.48,0.50146,18,-0.02,0.48,0.49854,1,18,34.45,0.34,1,2,18,73.12,0.72,0.51075,19,-0.19,0.71,0.48925,1,19,36.92,-0.26,1,2,19,76.26,-0.43,0.50905,20,-0.15,-0.43,0.49095,1,20,39.33,-0.15,1,2,20,77.28,-0.43,0.51267,21,-0.25,-0.38,0.48733,1,21,30.74,-0.29,1,2,21,76.16,-0.94,0.53223,22,-0.64,-0.79,0.46777,1,22,27.15,-0.36,1,4,22,74.09,0.23,0.50664,23,-0.06,0.27,0.49333,24,-64.19,24.96,2.0E-5,25,-112.55,53.59,1.0E-5,4,22,104.82,14.69,0.00147,23,33.9,1.16,0.9972,24,-32.18,13.6,0.00113,25,-84.2,34.87,2.0E-4,2,23,68.89,0.09,0.4708,24,0.1,0.06,0.5292,1,24,33.75,-0.04,1,2,24,58.06,-0.92,0.50024,25,-0.11,-0.92,0.49976,1,25,24.82,-0.08,1],"hull":51,"edges":[46,44,44,42,14,12,12,10,10,8,6,8,6,4,4,2,2,0,0,100,98,100,98,96,96,94,92,94,92,90,90,88,56,54,54,52,52,50,46,48,50,48,42,40,40,38,38,36,36,34,60,58,58,56,34,32,32,30,64,62,62,60,30,28,28,26,68,66,66,64,26,24,24,22,72,70,70,68,22,20,20,18,76,74,74,72,18,16,16,14,80,78,78,76,84,82,82,80,88,86,86,84],"width":241,"height":793}},"mat1":{"mat1":{"x":72.45,"y":43.58,"rotation":-98.8,"width":422,"height":171}},"mat2":{"mat2":{"x":189.49,"y":-114.33,"rotation":-97.29,"width":413,"height":100}},"tai2":{"tai2":{"x":486.47,"y":-286.93,"rotation":-97.29,"width":184,"height":147}},"than":{"than":{"type":"mesh","uvs":[0.95391,0.13005,1,0.29412,1,0.50091,0.9712,0.69916,0.89657,0.8376,0.78542,0.88203,0.62705,0.90254,0.45959,0.93843,0.31123,1,0.2275,1,0.12738,1,0.03545,0.91451,0,0.77778,0,0.58808,0.06726,0.40521,0.1519,0.28728,0.26021,0.22405,0.33773,0.25823,0.41601,0.2719,0.47699,0.18987,0.49519,0.09758,0.54434,0.03605,0.69542,0,0.86835,0,0.25748,0.59491,0.44042,0.53851,0.67069,0.46161,0.68252,0.2343,0.11909,0.68605],"triangles":[7,8,24,8,9,24,24,9,28,24,25,7,25,17,18,25,24,17,11,28,10,9,10,28,7,25,6,11,12,28,6,26,5,6,25,26,5,26,2,2,26,27,4,5,2,22,2,27,3,4,2,2,22,0,12,13,28,23,0,22,13,14,28,28,14,24,14,15,24,24,16,17,24,15,16,25,19,26,25,18,19,0,1,2,26,19,27,21,27,19,21,19,20,27,21,22],"vertices":[2,2,555.69,96.48,0.7349,3,148.8,-208.03,0.2651,2,2,579.24,24.36,0.89202,3,84.03,-247.55,0.10798,2,2,564.96,-59.01,0.93732,3,-0.38,-252.83,0.06268,2,2,529.47,-135.19,0.84748,3,-82.69,-235.81,0.15252,2,2,463.41,-181.32,0.68867,3,-142.77,-182.13,0.31133,2,2,376.21,-184.81,0.4865,3,-166.24,-98.07,0.5135,2,2,254.91,-172.54,0.5902,3,-182.2,22.79,0.4098,2,2,125.66,-165.29,0.93312,3,-204.87,150.24,0.06688,2,2,9.11,-170.87,0.9971,3,-237.11,262.39,0.0029,2,2,-54.27,-160.01,0.99999,3,-241.12,326.57,1.0E-5,1,2,-130.06,-147.02,1,1,2,-193.74,-100.63,1,1,2,-211.13,-40.92,1,1,2,-198.03,35.56,1,1,2,-134.49,100.55,1,1,2,-62.27,137.11,1,2,2,24.09,148.56,0.99956,3,77.19,321.29,4.4E-4,2,2,80.41,124.72,0.98386,3,66.95,261,0.01614,2,2,138.71,109.06,0.87304,3,65.12,200.65,0.12696,2,2,190.54,134.22,0.52378,3,101.53,156,0.47622,2,2,210.69,169.06,0.30793,3,140.07,144.4,0.69207,2,2,252.15,187.49,0.165,3,167.54,108.3,0.835,2,2,369,182.43,0.0096,3,189.5,-6.59,0.9904,2,2,499.91,160,0.47656,3,197.78,-139.14,0.52344,1,2,-3.6,-0.59,1,1,2,138.78,-1.59,1,1,3,-0.12,0.6,1,2,2,343.05,89.65,0.00437,3,93.24,-2.68,0.99563,1,2,-114.64,-19.39,1],"hull":24,"edges":[24,22,22,20,18,20,16,18,16,14,14,12,12,10,10,8,8,6,6,4,4,2,2,0,0,46,44,46,44,42,42,40,40,38,38,36,36,34,34,32,32,30,30,28,24,26,28,26],"width":768,"height":409}}}}],"animations":{"idle":{"slots":{"mat1":{"attachment":[{"time":3.8333,"name":null},{"time":3.9667,"name":"mat1"},{"time":4.1333,"name":null},{"time":4.2667,"name":"mat1"}]}},"bones":{"than":{"translate":[{"x":0.67,"curve":0.289,"c2":0.17,"c3":0.755},{"time":0.6,"x":15.67,"curve":0.25,"c3":0.75},{"time":1.2667,"curve":0.25,"c3":0.75},{"time":1.9333,"x":15.67,"curve":0.25,"c3":0.75},{"time":2.6,"curve":0.305,"c3":0.64,"c4":0.36},{"time":2.6667,"x":0.67,"curve":0.289,"c2":0.17,"c3":0.755},{"time":3.2667,"x":15.67,"curve":0.25,"c3":0.75},{"time":3.9333,"curve":0.25,"c3":0.75},{"time":4.6,"x":15.67,"curve":0.25,"c3":0.75},{"time":5.2667,"curve":0.305,"c3":0.64,"c4":0.36},{"time":5.3333,"x":0.67}],"scale":[{"curve":0.25,"c3":0.75},{"time":0.6667,"y":1.055,"curve":0.25,"c3":0.75},{"time":1.3333,"curve":0.25,"c3":0.75},{"time":2,"y":1.055,"curve":0.25,"c3":0.75},{"time":2.6667,"curve":0.25,"c3":0.75},{"time":3.3333,"y":1.055,"curve":0.25,"c3":0.75},{"time":4,"curve":0.25,"c3":0.75},{"time":4.6667,"y":1.055,"curve":0.25,"c3":0.75},{"time":5.3333}]},"than2":{"rotate":[{"angle":-0.07,"curve":0.36,"c2":0.64,"c3":0.695},{"time":0.0667,"curve":0.25,"c3":0.75},{"time":0.7333,"angle":-1.65,"curve":0.245,"c3":0.711,"c4":0.83},{"time":1.3333,"angle":-0.07,"curve":0.36,"c2":0.64,"c3":0.695},{"time":1.4,"curve":0.25,"c3":0.75},{"time":2.0667,"angle":-1.65,"curve":0.245,"c3":0.711,"c4":0.83},{"time":2.6667,"angle":-0.07,"curve":0.36,"c2":0.64,"c3":0.695},{"time":2.7333,"curve":0.25,"c3":0.75},{"time":3.4,"angle":-1.65,"curve":0.245,"c3":0.711,"c4":0.83},{"time":4,"angle":-0.07,"curve":0.36,"c2":0.64,"c3":0.695},{"time":4.0667,"curve":0.25,"c3":0.75},{"time":4.7333,"angle":-1.65,"curve":0.245,"c3":0.711,"c4":0.83},{"time":5.3333,"angle":-0.07}]},"than3":{"rotate":[{"angle":-0.99,"curve":0.375,"c2":0.62,"c3":0.716},{"time":0.1333,"curve":0.25,"c3":0.75},{"time":0.8,"angle":-7.63,"curve":0.243,"c3":0.68,"c4":0.71},{"time":1.3333,"angle":-0.99,"curve":0.375,"c2":0.62,"c3":0.716},{"time":1.4667,"curve":0.25,"c3":0.75},{"time":2.1333,"angle":-7.63,"curve":0.243,"c3":0.68,"c4":0.71},{"time":2.6667,"angle":-0.99,"curve":0.375,"c2":0.62,"c3":0.716},{"time":2.8,"curve":0.25,"c3":0.75},{"time":3.4667,"angle":-7.63,"curve":0.243,"c3":0.68,"c4":0.71},{"time":4,"angle":-0.99,"curve":0.375,"c2":0.62,"c3":0.716},{"time":4.1333,"curve":0.25,"c3":0.75},{"time":4.8,"angle":-7.63,"curve":0.243,"c3":0.68,"c4":0.71},{"time":5.3333,"angle":-0.99}]},"dau":{"rotate":[{"angle":-0.41,"curve":0.289,"c2":0.17,"c3":0.755},{"time":0.6,"angle":-9.74,"curve":0.25,"c3":0.75},{"time":1.2667,"curve":0.305,"c3":0.64,"c4":0.36},{"time":1.3333,"angle":-0.41,"curve":0.289,"c2":0.17,"c3":0.755},{"time":1.9333,"angle":-9.74,"curve":0.25,"c3":0.75},{"time":2.6,"curve":0.305,"c3":0.64,"c4":0.36},{"time":2.6667,"angle":-0.41,"curve":0.289,"c2":0.17,"c3":0.755},{"time":3.2667,"angle":-9.74,"curve":0.25,"c3":0.75},{"time":3.9333,"curve":0.305,"c3":0.64,"c4":0.36},{"time":4,"angle":-0.41,"curve":0.289,"c2":0.17,"c3":0.755},{"time":4.6,"angle":-9.74,"curve":0.25,"c3":0.75},{"time":5.2667,"curve":0.305,"c3":0.64,"c4":0.36},{"time":5.3333,"angle":-0.41}]},"duisau1":{"rotate":[{"angle":0.09}]},"duitruoc1":{"rotate":[{"angle":0.24}],"translate":[{"curve":0.25,"c3":0.75},{"time":0.6667,"x":5.44,"y":-0.93,"curve":0.25,"c3":0.75},{"time":1.3333,"curve":0.25,"c3":0.75},{"time":2,"x":5.44,"y":-0.93,"curve":0.25,"c3":0.75},{"time":2.6667,"curve":0.25,"c3":0.75},{"time":3.3333,"x":5.44,"y":-0.93,"curve":0.25,"c3":0.75},{"time":4,"curve":0.25,"c3":0.75},{"time":4.6667,"x":5.44,"y":-0.93,"curve":0.25,"c3":0.75},{"time":5.3333}]},"duitruoc2":{"rotate":[{"angle":-2.71}]},"chantruoc2":{"rotate":[{"angle":2.16}]},"bchantruoc2":{"rotate":[{"angle":10.02,"curve":0.32,"c2":0.29,"c3":0.757},{"time":0.2667,"angle":-30.94,"curve":0.25,"c3":0.75},{"time":0.6,"angle":16.14,"curve":0.25,"c3":0.75},{"time":0.9333,"angle":-30.94,"curve":0.25,"c3":0.75},{"time":1.2667,"angle":16.14,"curve":0.25,"c3":0.75},{"time":1.6,"angle":-30.94,"curve":0.25,"c3":0.75},{"time":1.9333,"angle":16.14,"curve":0.25,"c3":0.75},{"time":2.2667,"angle":-30.94,"curve":0.25,"c3":0.75},{"time":2.6,"angle":16.14,"curve":0.284,"c3":0.625,"c4":0.38},{"time":2.6667,"angle":10.02,"curve":0.32,"c2":0.29,"c3":0.757},{"time":2.9333,"angle":-30.94,"curve":0.25,"c3":0.75},{"time":3.2667,"angle":16.14,"curve":0.25,"c3":0.75},{"time":3.6,"angle":-30.94,"curve":0.25,"c3":0.75},{"time":3.9333,"angle":16.14,"curve":0.25,"c3":0.75},{"time":4.2667,"angle":-30.94,"curve":0.25,"c3":0.75},{"time":4.6,"angle":16.14,"curve":0.25,"c3":0.75},{"time":4.9333,"angle":-30.94,"curve":0.25,"c3":0.75},{"time":5.2667,"angle":16.14,"curve":0.284,"c3":0.625,"c4":0.38},{"time":5.3333,"angle":10.02}],"translate":[{"y":-31.24,"curve":0.363,"c2":0.44,"c3":0.755},{"time":0.2,"y":-84.92,"curve":0.25,"c3":0.75},{"time":0.5333,"curve":0.25,"c3":0.75},{"time":0.8667,"y":-84.92,"curve":0.25,"c3":0.75},{"time":1.2,"curve":0.25,"c3":0.75},{"time":1.5333,"y":-84.92,"curve":0.25,"c3":0.75},{"time":1.8667,"curve":0.25,"c3":0.75},{"time":2.2,"y":-84.92,"curve":0.25,"c3":0.75},{"time":2.5333,"curve":0.258,"c3":0.619,"c4":0.45},{"time":2.6667,"y":-31.24,"curve":0.363,"c2":0.44,"c3":0.755},{"time":2.8667,"y":-84.92,"curve":0.25,"c3":0.75},{"time":3.2,"curve":0.25,"c3":0.75},{"time":3.5333,"y":-84.92,"curve":0.25,"c3":0.75},{"time":3.8667,"curve":0.25,"c3":0.75},{"time":4.2,"y":-84.92,"curve":0.25,"c3":0.75},{"time":4.5333,"curve":0.25,"c3":0.75},{"time":4.8667,"y":-84.92,"curve":0.25,"c3":0.75},{"time":5.2,"curve":0.258,"c3":0.619,"c4":0.45},{"time":5.3333,"y":-31.24}]},"than4":{"rotate":[{"curve":0.25,"c3":0.75},{"time":1.3333,"angle":13.44,"curve":0.25,"c3":0.75},{"time":2.6667,"curve":0.25,"c3":0.75},{"time":4,"angle":13.44,"curve":0.25,"c3":0.75},{"time":5.3333}]},"than5":{"rotate":[{"angle":0.22,"curve":0.36,"c2":0.64,"c3":0.695},{"time":0.1333,"curve":0.25,"c3":0.75},{"time":1.4667,"angle":5.25,"curve":0.245,"c3":0.711,"c4":0.83},{"time":2.6667,"angle":0.22,"curve":0.36,"c2":0.64,"c3":0.695},{"time":2.8,"curve":0.25,"c3":0.75},{"time":4.1333,"angle":5.25,"curve":0.245,"c3":0.711,"c4":0.83},{"time":5.3333,"angle":0.22}]},"than6":{"rotate":[{"angle":1.04,"curve":0.375,"c2":0.62,"c3":0.716},{"time":0.2667,"curve":0.25,"c3":0.75},{"time":1.6,"angle":7.98,"curve":0.243,"c3":0.68,"c4":0.71},{"time":2.6667,"angle":1.04,"curve":0.375,"c2":0.62,"c3":0.716},{"time":2.9333,"curve":0.25,"c3":0.75},{"time":4.2667,"angle":7.98,"curve":0.243,"c3":0.68,"c4":0.71},{"time":5.3333,"angle":1.04}]},"than7":{"rotate":[{"angle":2.29,"curve":0.382,"c2":0.58,"c3":0.731},{"time":0.4,"curve":0.25,"c3":0.75},{"time":1.7333,"angle":9.46,"curve":0.243,"c3":0.655,"c4":0.63},{"time":2.6667,"angle":2.29,"curve":0.382,"c2":0.58,"c3":0.731},{"time":3.0667,"curve":0.25,"c3":0.75},{"time":4.4,"angle":9.46,"curve":0.243,"c3":0.655,"c4":0.63},{"time":5.3333,"angle":2.29}]},"than8":{"rotate":[{"angle":-2.98,"curve":0.381,"c2":0.55,"c3":0.742},{"time":0.5333,"curve":0.25,"c3":0.75},{"time":1.8667,"angle":-8.11,"curve":0.245,"c3":0.637,"c4":0.56},{"time":2.6667,"angle":-2.98,"curve":0.381,"c2":0.55,"c3":0.742},{"time":3.2,"curve":0.25,"c3":0.75},{"time":4.5333,"angle":-8.11,"curve":0.245,"c3":0.637,"c4":0.56},{"time":5.3333,"angle":-2.98}]},"than9":{"rotate":[{"angle":-4.41,"curve":0.375,"c2":0.5,"c3":0.75},{"time":0.6667,"curve":0.25,"c3":0.75},{"time":2,"angle":-8.82,"curve":0.25,"c3":0.625,"c4":0.5},{"time":2.6667,"angle":-4.41,"curve":0.375,"c2":0.5,"c3":0.75},{"time":3.3333,"curve":0.25,"c3":0.75},{"time":4.6667,"angle":-8.82,"curve":0.25,"c3":0.625,"c4":0.5},{"time":5.3333,"angle":-4.41}]},"than10":{"rotate":[{"angle":-6.08,"curve":0.363,"c2":0.44,"c3":0.755},{"time":0.8,"curve":0.25,"c3":0.75},{"time":2.1333,"angle":-9.61,"curve":0.258,"c3":0.619,"c4":0.45},{"time":2.6667,"angle":-6.08,"curve":0.363,"c2":0.44,"c3":0.755},{"time":3.4667,"curve":0.25,"c3":0.75},{"time":4.8,"angle":-9.61,"curve":0.258,"c3":0.619,"c4":0.45},{"time":5.3333,"angle":-6.08}]},"than11":{"rotate":[{"angle":-12.96,"curve":0.345,"c2":0.37,"c3":0.757},{"time":0.9333,"curve":0.25,"c3":0.75},{"time":2.2667,"angle":-17.1,"curve":0.269,"c3":0.618,"c4":0.42},{"time":2.6667,"angle":-12.96,"curve":0.345,"c2":0.37,"c3":0.757},{"time":3.6,"curve":0.25,"c3":0.75},{"time":4.9333,"angle":-17.1,"curve":0.269,"c3":0.618,"c4":0.42},{"time":5.3333,"angle":-12.96}]},"than12":{"rotate":[{"angle":-21.81,"curve":0.32,"c2":0.29,"c3":0.757},{"time":1.0667,"curve":0.25,"c3":0.75},{"time":2.4,"angle":-25.07,"curve":0.284,"c3":0.625,"c4":0.38},{"time":2.6667,"angle":-21.81,"curve":0.32,"c2":0.29,"c3":0.757},{"time":3.7333,"curve":0.25,"c3":0.75},{"time":5.0667,"angle":-25.07,"curve":0.284,"c3":0.625,"c4":0.38},{"time":5.3333,"angle":-21.81}]},"than13":{"rotate":[{"angle":-29,"curve":0.289,"c2":0.17,"c3":0.755},{"time":1.2,"curve":0.25,"c3":0.75},{"time":2.5333,"angle":-30.29,"curve":0.305,"c3":0.64,"c4":0.36},{"time":2.6667,"angle":-29,"curve":0.289,"c2":0.17,"c3":0.755},{"time":3.8667,"curve":0.25,"c3":0.75},{"time":5.2,"angle":-30.29,"curve":0.305,"c3":0.64,"c4":0.36},{"time":5.3333,"angle":-29}]},"than14":{"rotate":[{"angle":-40.63,"curve":0.25,"c3":0.75},{"time":1.3333,"curve":0.25,"c3":0.75},{"time":2.6667,"angle":-40.63,"curve":0.25,"c3":0.75},{"time":4,"curve":0.25,"c3":0.75},{"time":5.3333,"angle":-40.63}]},"than15":{"rotate":[{"angle":-38.77,"curve":0.36,"c2":0.64,"c3":0.695},{"time":0.1333,"angle":-40.5,"curve":0.25,"c3":0.75},{"time":1.4667,"curve":0.245,"c3":0.711,"c4":0.83},{"time":2.6667,"angle":-38.77,"curve":0.36,"c2":0.64,"c3":0.695},{"time":2.8,"angle":-40.5,"curve":0.25,"c3":0.75},{"time":4.1333,"curve":0.245,"c3":0.711,"c4":0.83},{"time":5.3333,"angle":-38.77}]},"than16":{"rotate":[{"angle":-20.98,"curve":0.375,"c2":0.62,"c3":0.716},{"time":0.2667,"angle":-24.12,"curve":0.25,"c3":0.75},{"time":1.6,"curve":0.243,"c3":0.68,"c4":0.71},{"time":2.6667,"angle":-20.98,"curve":0.375,"c2":0.62,"c3":0.716},{"time":2.9333,"angle":-24.12,"curve":0.25,"c3":0.75},{"time":4.2667,"curve":0.243,"c3":0.68,"c4":0.71},{"time":5.3333,"angle":-20.98}]},"bone":{"translate":[{"x":5.37,"curve":0.345,"c2":0.37,"c3":0.757},{"time":0.4667,"x":22.15,"curve":0.25,"c3":0.75},{"time":1.1333,"curve":0.25,"c3":0.75},{"time":1.8,"x":22.15,"curve":0.25,"c3":0.75},{"time":2.4667,"curve":0.269,"c3":0.618,"c4":0.42},{"time":2.6667,"x":5.37,"curve":0.345,"c2":0.37,"c3":0.757},{"time":3.1333,"x":22.15,"curve":0.25,"c3":0.75},{"time":3.8,"curve":0.25,"c3":0.75},{"time":4.4667,"x":22.15,"curve":0.25,"c3":0.75},{"time":5.1333,"curve":0.269,"c3":0.618,"c4":0.42},{"time":5.3333,"x":5.37}]},"mat1":{"scale":[{"time":3.8},{"time":3.8667,"x":0.301,"curve":"stepped"},{"time":3.9333,"x":0.301},{"time":4,"curve":"stepped"},{"time":4.1},{"time":4.1667,"x":0.301,"curve":"stepped"},{"time":4.2333,"x":0.301},{"time":4.3}]}}}}}